estimate,term,conf.high,conf.low,std.error,statistic,period,Cohort,N,Outcome,Model
109.16861186032334,PERIOD-2,176.60336421628585,41.73385950436084,34.406118116393586,3.1729418439770876,-2,1.Overall (N=5587),5587,MONTHLY_OVERALL_TOTAL_PAY,2. Random individual effect
-45.982102177203885,PERIOD0,20.790675577752424,-112.7548799321602,34.0683697668179,-1.3497006898753865,0,1.Overall (N=5587),5587,MONTHLY_OVERALL_TOTAL_PAY,2. Random individual effect
-252.1052051009567,PERIOD1,-150.10966836767133,-354.10074183424206,52.03949538757507,-4.844497496052762,1,1.Overall (N=5587),5587,MONTHLY_OVERALL_TOTAL_PAY,2. Random individual effect
0,PERIOD-1,NA,NA,NA,NA,-1,1.Overall (N=5587),5587,MONTHLY_OVERALL_TOTAL_PAY,2. Random individual effect
133.20122868021227,PERIOD-2,205.37808691174095,61.024370448683584,36.825604348268925,3.6170819471282813,-2,2.Diabetic (N=5188),5188,MONTHLY_OVERALL_TOTAL_PAY,2. Random individual effect
-70.8481495767321,PERIOD0,0.5642186793897679,-142.26051783285396,36.43555127513237,-1.9444785956919683,0,2.Diabetic (N=5188),5188,MONTHLY_OVERALL_TOTAL_PAY,2. Random individual effect
-296.5878824295775,PERIOD1,-187.45915792497374,-405.7166069341813,55.67894377927211,-5.32675123302159,1,2.Diabetic (N=5188),5188,MONTHLY_OVERALL_TOTAL_PAY,2. Random individual effect
0,PERIOD-1,NA,NA,NA,NA,-1,2.Diabetic (N=5188),5188,MONTHLY_OVERALL_TOTAL_PAY,2. Random individual effect
-33.46414965285088,PERIOD-2,77.80869217367962,-144.73699147938137,56.77290129014436,-0.5894387796358784,-2,3.Non-diabetic (N=399),399,MONTHLY_OVERALL_TOTAL_PAY,2. Random individual effect
80.46455225806253,PERIOD0,191.7124670731567,-30.783362557031623,56.76018319346862,1.417623195185909,0,3.Non-diabetic (N=399),399,MONTHLY_OVERALL_TOTAL_PAY,2. Random individual effect
-100.12180842192483,PERIOD1,75.54009605951059,-275.78371290336025,89.62506753544154,-1.117118359574261,1,3.Non-diabetic (N=399),399,MONTHLY_OVERALL_TOTAL_PAY,2. Random individual effect
0,PERIOD-1,NA,NA,NA,NA,-1,3.Non-diabetic (N=399),399,MONTHLY_OVERALL_TOTAL_PAY,2. Random individual effect
0.6527729566564225,PERIOD-2,1.4180777936971043,-0.11253188038425932,0.39046882650768533,1.6717671484680594,-2,1.Overall (N=5587),5587,MONTHLY_OVERALL_OOP,2. Random individual effect
-0.7072428028085904,PERIOD0,0.046259916992062555,-1.4607455226092434,0.38444722747162013,-1.8396355917556957,0,1.Overall (N=5587),5587,MONTHLY_OVERALL_OOP,2. Random individual effect
-1.9938607721328028,PERIOD1,-1.0052541137271578,-2.9824674305384478,0.5044004207238747,-3.9529324128464745,1,1.Overall (N=5587),5587,MONTHLY_OVERALL_OOP,2. Random individual effect
0,PERIOD-1,NA,NA,NA,NA,-1,1.Overall (N=5587),5587,MONTHLY_OVERALL_OOP,2. Random individual effect
0.7334422716090925,PERIOD-2,1.5353698090479027,-0.0684852658297177,0.4091542210797303,1.7925814615173417,-2,2.Diabetic (N=5188),5188,MONTHLY_OVERALL_OOP,2. Random individual effect
-0.6639115316143681,PERIOD0,0.12477670997535462,-1.4525997732040907,0.40239935417731915,-1.6498821996662858,0,2.Diabetic (N=5188),5188,MONTHLY_OVERALL_OOP,2. Random individual effect
-1.9057135366585585,PERIOD1,-0.8752432127485348,-2.9361838605685824,0.5257598262204012,-3.6246845833741466,1,2.Diabetic (N=5188),5188,MONTHLY_OVERALL_OOP,2. Random individual effect
0,PERIOD-1,NA,NA,NA,NA,-1,2.Diabetic (N=5188),5188,MONTHLY_OVERALL_OOP,2. Random individual effect
-0.5002254985247223,PERIOD-2,2.1038522260379806,-3.1043032230874252,1.3286354979496238,-0.3764956598680978,-2,3.Non-diabetic (N=399),399,MONTHLY_OVERALL_OOP,2. Random individual effect
-0.8933180466036876,PERIOD0,1.7086666488008226,-3.4953027420081977,1.3275676063073782,-0.6728983460875839,0,3.Non-diabetic (N=399),399,MONTHLY_OVERALL_OOP,2. Random individual effect
-1.6020859082226866,PERIOD1,2.1190387988811636,-5.323210615326537,1.8985679004591962,-0.8438391420371106,1,3.Non-diabetic (N=399),399,MONTHLY_OVERALL_OOP,2. Random individual effect
0,PERIOD-1,NA,NA,NA,NA,-1,3.Non-diabetic (N=399),399,MONTHLY_OVERALL_OOP,2. Random individual effect
128.76043670258602,PERIOD-2,195.92919729379292,61.5916761113791,34.27040553858415,3.757190341900624,-2,1.Overall (N=5587),5587,MONTHLY_OVERALL_TOTAL_PAY_NON_SEMAGLUTIDE,2. Random individual effect
-122.05358835154861,PERIOD0,-55.550659420391625,-188.5565172827056,33.9306892655802,-3.597144384430811,0,1.Overall (N=5587),5587,MONTHLY_OVERALL_TOTAL_PAY_NON_SEMAGLUTIDE,2. Random individual effect
-256.2124323626555,PERIOD1,-154.83113499010676,-357.5937297352042,51.726102199954425,-4.953252254968502,1,1.Overall (N=5587),5587,MONTHLY_OVERALL_TOTAL_PAY_NON_SEMAGLUTIDE,2. Random individual effect
0,PERIOD-1,NA,NA,NA,NA,-1,1.Overall (N=5587),5587,MONTHLY_OVERALL_TOTAL_PAY_NON_SEMAGLUTIDE,2. Random individual effect
153.83482402990992,PERIOD-2,225.73645817314707,81.93318988667276,36.68518131475277,4.193377775893559,-2,2.Diabetic (N=5188),5188,MONTHLY_OVERALL_TOTAL_PAY_NON_SEMAGLUTIDE,2. Random individual effect
-148.98478051853866,PERIOD0,-77.85181178404048,-220.11774925303683,36.29299787934165,-4.105055774500853,0,2.Diabetic (N=5188),5188,MONTHLY_OVERALL_TOTAL_PAY_NON_SEMAGLUTIDE,2. Random individual effect
-299.4503639716819,PERIOD1,-190.96196184882533,-407.93876609453844,55.35224268333463,-5.409904810629109,1,2.Diabetic (N=5188),5188,MONTHLY_OVERALL_TOTAL_PAY_NON_SEMAGLUTIDE,2. Random individual effect
0,PERIOD-1,NA,NA,NA,NA,-1,2.Diabetic (N=5188),5188,MONTHLY_OVERALL_TOTAL_PAY_NON_SEMAGLUTIDE,2. Random individual effect
-19.203433610022138,PERIOD-2,90.97564797987934,-129.38251519992363,56.21485009876715,-0.3416078416340612,-2,3.Non-diabetic (N=399),399,MONTHLY_OVERALL_TOTAL_PAY_NON_SEMAGLUTIDE,2. Random individual effect
30.917046934198734,PERIOD0,141.0709333971758,-79.23683952877833,56.20199520596139,0.5501058604929979,0,3.Non-diabetic (N=399),399,MONTHLY_OVERALL_TOTAL_PAY_NON_SEMAGLUTIDE,2. Random individual effect
-104.92269729488937,PERIOD1,68.89743115547238,-278.74282574525114,88.68536861974648,-1.1830891490654245,1,3.Non-diabetic (N=399),399,MONTHLY_OVERALL_TOTAL_PAY_NON_SEMAGLUTIDE,2. Random individual effect
0,PERIOD-1,NA,NA,NA,NA,-1,3.Non-diabetic (N=399),399,MONTHLY_OVERALL_TOTAL_PAY_NON_SEMAGLUTIDE,2. Random individual effect
0.7092203673361392,PERIOD-2,1.472954750499022,-0.05451401582674342,0.3896675598057527,1.8200652055554278,-2,1.Overall (N=5587),5587,MONTHLY_OVERALL_OOP_NON_SEMAGLUTIDE,2. Random individual effect
-0.8379671052892295,PERIOD0,-0.0860397592481481,-1.5898944513303108,0.3836434505798007,-2.1842340955457704,0,1.Overall (N=5587),5587,MONTHLY_OVERALL_OOP_NON_SEMAGLUTIDE,2. Random individual effect
-2.0129391747725838,PERIOD1,-1.0279671149130576,-2.99791123463211,0.5025459996351261,-4.005482435904534,1,1.Overall (N=5587),5587,MONTHLY_OVERALL_OOP_NON_SEMAGLUTIDE,2. Random individual effect
0,PERIOD-1,NA,NA,NA,NA,-1,1.Overall (N=5587),5587,MONTHLY_OVERALL_OOP_NON_SEMAGLUTIDE,2. Random individual effect
0.7797271810663983,PERIOD-2,1.5802047618315864,-0.02075039969879,0.4084144336728907,1.909156770132422,-2,2.Diabetic (N=5188),5188,MONTHLY_OVERALL_OOP_NON_SEMAGLUTIDE,2. Random individual effect
-0.7940217612618277,PERIOD0,-0.006787693737395073,-1.5812558287862601,0.4016574150004973,-1.9768631963656007,0,2.Diabetic (N=5188),5188,MONTHLY_OVERALL_OOP_NON_SEMAGLUTIDE,2. Random individual effect
-1.9534842885462589,PERIOD1,-0.9264325320907694,-2.9805360450017484,0.5240156271016932,-3.7279122749657145,1,2.Diabetic (N=5188),5188,MONTHLY_OVERALL_OOP_NON_SEMAGLUTIDE,2. Random individual effect
0,PERIOD-1,NA,NA,NA,NA,-1,2.Diabetic (N=5188),5188,MONTHLY_OVERALL_OOP_NON_SEMAGLUTIDE,2. Random individual effect
-0.2944777584425586,PERIOD-2,2.295669176342472,-2.884624693227589,1.321527821539467,-0.2228312969601481,-2,3.Non-diabetic (N=399),399,MONTHLY_OVERALL_OOP_NON_SEMAGLUTIDE,2. Random individual effect
-1.0799731332961688,PERIOD0,1.5080752527882153,-3.668021519380553,1.3204571137523855,-0.8178782347782386,0,3.Non-diabetic (N=399),399,MONTHLY_OVERALL_OOP_NON_SEMAGLUTIDE,2. Random individual effect
-1.3879085371820736,PERIOD1,2.307997295916989,-5.083814370281136,1.885700891573466,-0.7360173309479507,1,3.Non-diabetic (N=399),399,MONTHLY_OVERALL_OOP_NON_SEMAGLUTIDE,2. Random individual effect
0,PERIOD-1,NA,NA,NA,NA,-1,3.Non-diabetic (N=399),399,MONTHLY_OVERALL_OOP_NON_SEMAGLUTIDE,2. Random individual effect
11.698858524375163,PERIOD-2,31.318872335618558,-7.921155286868233,10.01039507154395,1.1686710105609042,-2,1.Overall (N=5587),5587,MONTHLY_TOTAL_PAY_OUTPATIENT_SERVICE,2. Random individual effect
-4.944014975038327,PERIOD0,14.558054627269447,-24.4460845773461,9.950218348978662,-0.4968750234054717,0,1.Overall (N=5587),5587,MONTHLY_TOTAL_PAY_OUTPATIENT_SERVICE,2. Random individual effect
-53.33431722405524,PERIOD1,-21.36495819980102,-85.30367624830946,16.31119718343013,-3.269797834228585,1,1.Overall (N=5587),5587,MONTHLY_TOTAL_PAY_OUTPATIENT_SERVICE,2. Random individual effect
0,PERIOD-1,NA,NA,NA,NA,-1,1.Overall (N=5587),5587,MONTHLY_TOTAL_PAY_OUTPATIENT_SERVICE,2. Random individual effect
17.029103712405618,PERIOD-2,37.70938986134938,-3.6511824365381464,10.55136028624364,1.6139249585295037,-2,2.Diabetic (N=5188),5188,MONTHLY_TOTAL_PAY_OUTPATIENT_SERVICE,2. Random individual effect
-6.647253910813308,PERIOD0,13.896350691475902,-27.19085851310252,10.481623521827212,-0.6341817082984225,0,2.Diabetic (N=5188),5188,MONTHLY_TOTAL_PAY_OUTPATIENT_SERVICE,2. Random individual effect
-60.412299971221245,PERIOD1,-26.704049697518194,-94.12055024492429,17.19840289902745,-3.5126691894534865,1,2.Diabetic (N=5188),5188,MONTHLY_TOTAL_PAY_OUTPATIENT_SERVICE,2. Random individual effect
0,PERIOD-1,NA,NA,NA,NA,-1,2.Diabetic (N=5188),5188,MONTHLY_TOTAL_PAY_OUTPATIENT_SERVICE,2. Random individual effect
-47.21049155275881,PERIOD-2,11.051492262792927,-105.47247536831054,29.7260481698209,-1.5881859331940675,-2,3.Non-diabetic (N=399),399,MONTHLY_TOTAL_PAY_OUTPATIENT_SERVICE,2. Random individual effect
10.546075070231389,PERIOD0,68.8062515144591,-47.71410137399633,29.725126024649725,0.3547865553702278,0,3.Non-diabetic (N=399),399,MONTHLY_TOTAL_PAY_OUTPATIENT_SERVICE,2. Random individual effect
21.918635315472763,PERIOD1,116.34093921234475,-72.50366858139921,48.17553008201329,0.4549744502688151,1,3.Non-diabetic (N=399),399,MONTHLY_TOTAL_PAY_OUTPATIENT_SERVICE,2. Random individual effect
0,PERIOD-1,NA,NA,NA,NA,-1,3.Non-diabetic (N=399),399,MONTHLY_TOTAL_PAY_OUTPATIENT_SERVICE,2. Random individual effect
0.7964090843775736,PERIOD-2,1.4675694366060696,0.12524873214907772,0.34243504346126935,2.325723081164882,-2,1.Overall (N=5587),5587,MONTHLY_OOP_OUTPATIENT_SERVICE,2. Random individual effect
-0.37467669297617695,PERIOD0,0.28562279330822776,-1.0349761792605816,0.33689368350273935,-1.112151136467153,0,1.Overall (N=5587),5587,MONTHLY_OOP_OUTPATIENT_SERVICE,2. Random individual effect
-0.9496150695157113,PERIOD1,-0.11531107882543368,-1.783919060205989,0.42567312321612094,-2.230855127382747,1,1.Overall (N=5587),5587,MONTHLY_OOP_OUTPATIENT_SERVICE,2. Random individual effect
0,PERIOD-1,NA,NA,NA,NA,-1,1.Overall (N=5587),5587,MONTHLY_OOP_OUTPATIENT_SERVICE,2. Random individual effect
0.9029720872080496,PERIOD-2,1.6112852530030088,0.19465892141309027,0.3613909089054918,2.4986021091199833,-2,2.Diabetic (N=5188),5188,MONTHLY_OOP_OUTPATIENT_SERVICE,2. Random individual effect
-0.3697402141598632,PERIOD0,0.3263621449689132,-1.0658425732886396,0.35516079102450004,-1.0410502045941141,0,2.Diabetic (N=5188),5188,MONTHLY_OOP_OUTPATIENT_SERVICE,2. Random individual effect
-0.9472490066478471,PERIOD1,-0.07061046599196041,-1.8238875473037337,0.4472727803014238,-2.117832893853907,1,2.Diabetic (N=5188),5188,MONTHLY_OOP_OUTPATIENT_SERVICE,2. Random individual effect
0,PERIOD-1,NA,NA,NA,NA,-1,2.Diabetic (N=5188),5188,MONTHLY_OOP_OUTPATIENT_SERVICE,2. Random individual effect
-0.3663987422683935,PERIOD-2,1.6228830473225118,-2.355680531859299,1.014958338664438,-0.36099879996111933,-2,3.Non-diabetic (N=399),399,MONTHLY_OOP_OUTPATIENT_SERVICE,2. Random individual effect
-0.81867717981145,PERIOD0,1.1688393677388005,-2.8061937273617006,1.014057688420567,-0.8073280141355376,0,3.Non-diabetic (N=399),399,MONTHLY_OOP_OUTPATIENT_SERVICE,2. Random individual effect
-1.049676661027032,PERIOD1,1.737197123731785,-3.836550445785849,1.4219005077344904,-0.7382208919099963,1,3.Non-diabetic (N=399),399,MONTHLY_OOP_OUTPATIENT_SERVICE,2. Random individual effect
0,PERIOD-1,NA,NA,NA,NA,-1,3.Non-diabetic (N=399),399,MONTHLY_OOP_OUTPATIENT_SERVICE,2. Random individual effect
-20.270811662688512,PERIOD-2,-5.238857843965116,-35.30276548141191,7.669505122182619,-2.6430403708915917,-2,1.Overall (N=5587),5587,MONTHLY_TOTAL_PAY_OUTPATIENT_PHARMACEUTICALS,2. Random individual effect
23.168094013143083,PERIOD0,38.10694692171783,8.229241104568338,7.6220037849728435,3.039632971426769,0,1.Overall (N=5587),5587,MONTHLY_TOTAL_PAY_OUTPATIENT_PHARMACEUTICALS,2. Random individual effect
-59.07176688113239,PERIOD1,-34.658124262571405,-83.48540949969338,12.456168996539065,-4.7423703786891,1,1.Overall (N=5587),5587,MONTHLY_TOTAL_PAY_OUTPATIENT_PHARMACEUTICALS,2. Random individual effect
0,PERIOD-1,NA,NA,NA,NA,-1,1.Overall (N=5587),5587,MONTHLY_TOTAL_PAY_OUTPATIENT_PHARMACEUTICALS,2. Random individual effect
-17.789760608092923,PERIOD-2,-1.7513512816642383,-33.82816993452161,8.183012266009792,-2.1739867948123686,-2,2.Diabetic (N=5188),5188,MONTHLY_TOTAL_PAY_OUTPATIENT_PHARMACEUTICALS,2. Random individual effect
18.049576039205693,PERIOD0,33.97915510357788,2.1199969748335032,8.127485601787932,2.2208068920152924,0,2.Diabetic (N=5188),5188,MONTHLY_TOTAL_PAY_OUTPATIENT_PHARMACEUTICALS,2. Random individual effect
-67.69579939801886,PERIOD1,-41.63312575485218,-93.75847304118554,13.297526816179142,-5.090856392607773,1,2.Diabetic (N=5188),5188,MONTHLY_TOTAL_PAY_OUTPATIENT_PHARMACEUTICALS,2. Random individual effect
0,PERIOD-1,NA,NA,NA,NA,-1,2.Diabetic (N=5188),5188,MONTHLY_TOTAL_PAY_OUTPATIENT_PHARMACEUTICALS,2. Random individual effect
-26.399904938339898,PERIOD-2,2.869203634706892,-55.66901351138669,14.933493066157231,-1.767831867693984,-2,3.Non-diabetic (N=399),399,MONTHLY_TOTAL_PAY_OUTPATIENT_PHARMACEUTICALS,2. Random individual effect
55.5926782418558,PERIOD0,84.8566874442072,26.3286690395044,14.930891298606596,3.723332862723601,0,3.Non-diabetic (N=399),399,MONTHLY_TOTAL_PAY_OUTPATIENT_PHARMACEUTICALS,2. Random individual effect
-26.553789197330783,PERIOD1,19.976173036106015,-73.08375143076758,23.740212881695385,-1.118515210021759,1,3.Non-diabetic (N=399),399,MONTHLY_TOTAL_PAY_OUTPATIENT_PHARMACEUTICALS,2. Random individual effect
0,PERIOD-1,NA,NA,NA,NA,-1,3.Non-diabetic (N=399),399,MONTHLY_TOTAL_PAY_OUTPATIENT_PHARMACEUTICALS,2. Random individual effect
-0.17141180793869853,PERIOD-2,-0.0421015838129182,-0.3007220320644789,0.06597581646691619,-2.598100593793388,-2,1.Overall (N=5587),5587,MONTHLY_OOP_OUTPATIENT_PHARMACEUTICALS,2. Random individual effect
-0.0498851147345789,PERIOD0,0.07835196933398064,-0.17812219880313845,0.06542828596855725,-0.762439577869304,0,1.Overall (N=5587),5587,MONTHLY_OOP_OUTPATIENT_PHARMACEUTICALS,2. Random individual effect
-0.2595675603842579,PERIOD1,-0.05774068758407394,-0.46139443318444184,0.10297478647167428,-2.5206904454777215,1,1.Overall (N=5587),5587,MONTHLY_OOP_OUTPATIENT_PHARMACEUTICALS,2. Random individual effect
0,PERIOD-1,NA,NA,NA,NA,-1,1.Overall (N=5587),5587,MONTHLY_OOP_OUTPATIENT_PHARMACEUTICALS,2. Random individual effect
-0.15818489842749392,PERIOD-2,-0.06272364275222837,-0.2536461541027595,0.048705617260445484,-3.2477752531422714,-2,2.Diabetic (N=5188),5188,MONTHLY_OOP_OUTPATIENT_PHARMACEUTICALS,2. Random individual effect
-0.015644163723876416,PERIOD0,0.07906911585489794,-0.11035744330265078,0.04832398979055771,-0.32373493562266287,0,2.Diabetic (N=5188),5188,MONTHLY_OOP_OUTPATIENT_PHARMACEUTICALS,2. Random individual effect
-0.1769449226511518,PERIOD1,-0.02467800381053034,-0.3292118414917733,0.07768863103693921,-2.2776166897189687,1,2.Diabetic (N=5188),5188,MONTHLY_OOP_OUTPATIENT_PHARMACEUTICALS,2. Random individual effect
0,PERIOD-1,NA,NA,NA,NA,-1,2.Diabetic (N=5188),5188,MONTHLY_OOP_OUTPATIENT_PHARMACEUTICALS,2. Random individual effect
-0.3597805993808441,PERIOD-2,0.9610534094358778,-1.680614608197566,0.6739072856620286,-0.533872547508379,-2,3.Non-diabetic (N=399),399,MONTHLY_OOP_OUTPATIENT_PHARMACEUTICALS,2. Random individual effect
-0.2880464067659423,PERIOD0,1.032056339164056,-1.6081491526959406,0.6735341854966728,-0.4276641230222534,0,3.Non-diabetic (N=399),399,MONTHLY_OOP_OUTPATIENT_PHARMACEUTICALS,2. Random individual effect
-0.8036936573333668,PERIOD1,1.1772424649823494,-2.784629779649083,1.010700266913621,-0.7951849659519821,1,3.Non-diabetic (N=399),399,MONTHLY_OOP_OUTPATIENT_PHARMACEUTICALS,2. Random individual effect
0,PERIOD-1,NA,NA,NA,NA,-1,3.Non-diabetic (N=399),399,MONTHLY_OOP_OUTPATIENT_PHARMACEUTICALS,2. Random individual effect
3.4384412637249984,PERIOD-2,18.02474608747513,-11.147863560025133,7.442129007882311,0.46202387248100407,-2,1.Overall (N=5587),5587,MONTHLY_TOTAL_PAY_OUTPATIENT_PHARMACEUTICALS_NON_SEMAGLUTIDE,2. Random individual effect
-57.19557394017066,PERIOD0,-42.700365568998805,-71.69078231134252,7.395650371898776,-7.733677373053824,0,1.Overall (N=5587),5587,MONTHLY_TOTAL_PAY_OUTPATIENT_PHARMACEUTICALS_NON_SEMAGLUTIDE,2. Random individual effect
-71.72168582557543,PERIOD1,-48.053926553499295,-95.38944509765157,12.075609275866503,-5.9393844390869415,1,1.Overall (N=5587),5587,MONTHLY_TOTAL_PAY_OUTPATIENT_PHARMACEUTICALS_NON_SEMAGLUTIDE,2. Random individual effect
0,PERIOD-1,NA,NA,NA,NA,-1,1.Overall (N=5587),5587,MONTHLY_TOTAL_PAY_OUTPATIENT_PHARMACEUTICALS_NON_SEMAGLUTIDE,2. Random individual effect
7.218215140964187,PERIOD-2,22.809463698768624,-8.37303341684025,7.954864824448929,0.907396329197112,-2,2.Diabetic (N=5188),5188,MONTHLY_TOTAL_PAY_OUTPATIENT_PHARMACEUTICALS_NON_SEMAGLUTIDE,2. Random individual effect
-64.64863140732653,PERIOD0,-49.16402156366848,-80.13324125098458,7.900456317462303,-8.182898406062227,0,2.Diabetic (N=5188),5188,MONTHLY_TOTAL_PAY_OUTPATIENT_PHARMACEUTICALS_NON_SEMAGLUTIDE,2. Random individual effect
-79.65462231831336,PERIOD1,-54.342334228488724,-104.96691040813799,12.914670008982176,-6.167762882281423,1,2.Diabetic (N=5188),5188,MONTHLY_TOTAL_PAY_OUTPATIENT_PHARMACEUTICALS_NON_SEMAGLUTIDE,2. Random individual effect
0,PERIOD-1,NA,NA,NA,NA,-1,2.Diabetic (N=5188),5188,MONTHLY_TOTAL_PAY_OUTPATIENT_PHARMACEUTICALS_NON_SEMAGLUTIDE,2. Random individual effect
-10.98016743385041,PERIOD-2,14.54902830608743,-36.50936317378825,13.025339210979837,-0.8429851427281503,-2,3.Non-diabetic (N=399),399,MONTHLY_TOTAL_PAY_OUTPATIENT_PHARMACEUTICALS_NON_SEMAGLUTIDE,2. Random individual effect
4.866611371748702,PERIOD0,30.39101358933702,-20.657790845839614,13.022893491371041,0.37369662701866635,0,3.Non-diabetic (N=399),399,MONTHLY_TOTAL_PAY_OUTPATIENT_PHARMACEUTICALS_NON_SEMAGLUTIDE,2. Random individual effect
-33.6621088324431,PERIOD1,6.8459883377008595,-74.17020600258707,20.66777629061895,-1.6287242690797967,1,3.Non-diabetic (N=399),399,MONTHLY_TOTAL_PAY_OUTPATIENT_PHARMACEUTICALS_NON_SEMAGLUTIDE,2. Random individual effect
0,PERIOD-1,NA,NA,NA,NA,-1,3.Non-diabetic (N=399),399,MONTHLY_TOTAL_PAY_OUTPATIENT_PHARMACEUTICALS_NON_SEMAGLUTIDE,2. Random individual effect
-0.11212594985974385,PERIOD-2,0.010952831857834397,-0.23520473157732208,0.0627964506942005,-1.785545976248927,-2,1.Overall (N=5587),5587,MONTHLY_OOP_OUTPATIENT_PHARMACEUTICALS_NON_SEMAGLUTIDE,2. Random individual effect
-0.18506249848894277,PERIOD0,-0.06301407813609222,-0.3071109188417933,0.06227074646042118,-2.971901077283008,0,1.Overall (N=5587),5587,MONTHLY_OOP_OUTPATIENT_PHARMACEUTICALS_NON_SEMAGLUTIDE,2. Random individual effect
-0.28814394186161363,PERIOD1,-0.09632050617364263,-0.47996737754958463,0.09787089824152374,-2.9441227886816574,1,1.Overall (N=5587),5587,MONTHLY_OOP_OUTPATIENT_PHARMACEUTICALS_NON_SEMAGLUTIDE,2. Random individual effect
0,PERIOD-1,NA,NA,NA,NA,-1,1.Overall (N=5587),5587,MONTHLY_OOP_OUTPATIENT_PHARMACEUTICALS_NON_SEMAGLUTIDE,2. Random individual effect
-0.10701559607042756,PERIOD-2,-0.01951598425102452,-0.1945152078898306,0.04464347942594294,-2.3971159382402285,-2,2.Diabetic (N=5188),5188,MONTHLY_OOP_OUTPATIENT_PHARMACEUTICALS_NON_SEMAGLUTIDE,2. Random individual effect
-0.15170180707123532,PERIOD0,-0.06488136374283515,-0.23852225039963548,0.044296958522314064,-3.424655148610651,0,2.Diabetic (N=5188),5188,MONTHLY_OOP_OUTPATIENT_PHARMACEUTICALS_NON_SEMAGLUTIDE,2. Random individual effect
-0.23661299444355885,PERIOD1,-0.09685977354574701,-0.3763662153413707,0.07130397395062739,-3.3183703703161824,1,2.Diabetic (N=5188),5188,MONTHLY_OOP_OUTPATIENT_PHARMACEUTICALS_NON_SEMAGLUTIDE,2. Random individual effect
0,PERIOD-1,NA,NA,NA,NA,-1,2.Diabetic (N=5188),5188,MONTHLY_OOP_OUTPATIENT_PHARMACEUTICALS_NON_SEMAGLUTIDE,2. Random individual effect
-0.17101460480454456,PERIOD-2,1.1238373188981456,-1.4658665285072345,0.660650876197888,-0.2588577582591743,-2,3.Non-diabetic (N=399),399,MONTHLY_OOP_OUTPATIENT_PHARMACEUTICALS_NON_SEMAGLUTIDE,2. Random individual effect
-0.4576722970685869,PERIOD0,0.8364453518095718,-1.7517899459467456,0.6602762393013311,-0.6931527591434627,0,3.Non-diabetic (N=399),399,MONTHLY_OOP_OUTPATIENT_PHARMACEUTICALS_NON_SEMAGLUTIDE,2. Random individual effect
-0.5563684984472561,PERIOD1,1.3810864029343912,-2.493823399828903,0.988515562869545,-0.5628323107348795,1,3.Non-diabetic (N=399),399,MONTHLY_OOP_OUTPATIENT_PHARMACEUTICALS_NON_SEMAGLUTIDE,2. Random individual effect
0,PERIOD-1,NA,NA,NA,NA,-1,3.Non-diabetic (N=399),399,MONTHLY_OOP_OUTPATIENT_PHARMACEUTICALS_NON_SEMAGLUTIDE,2. Random individual effect
59.27869332056456,PERIOD-2,114.12343238701018,4.433954254118937,27.982523913221844,2.1184183922935973,-2,1.Overall (N=5587),5587,MONTHLY_TOTAL_PAY_INPATIENT,2. Random individual effect
-2.150112720175121,PERIOD0,51.864461115787726,-56.16468655613797,27.558962441158577,-0.07801863821128421,0,1.Overall (N=5587),5587,MONTHLY_TOTAL_PAY_INPATIENT,2. Random individual effect
-15.395466523187634,PERIOD1,56.2770359085483,-87.06796895492357,36.56827523213666,-0.42100608862344985,1,1.Overall (N=5587),5587,MONTHLY_TOTAL_PAY_INPATIENT,2. Random individual effect
0,PERIOD-1,NA,NA,NA,NA,-1,1.Overall (N=5587),5587,MONTHLY_TOTAL_PAY_INPATIENT,2. Random individual effect
65.53889419199548,PERIOD-2,124.479636583163,6.598151800827971,30.072359929103076,2.1793731634798976,-2,2.Diabetic (N=5188),5188,MONTHLY_TOTAL_PAY_INPATIENT,2. Random individual effect
-9.680192783396118,PERIOD0,48.3154481738969,-67.67583374068913,29.59015645938152,-0.32714233183201114,0,2.Diabetic (N=5188),5188,MONTHLY_TOTAL_PAY_INPATIENT,2. Random individual effect
-22.83977965244864,PERIOD1,54.3407128706597,-100.02027217555698,39.37852589736252,-0.5800059583738353,1,2.Diabetic (N=5188),5188,MONTHLY_TOTAL_PAY_INPATIENT,2. Random individual effect
0,PERIOD-1,NA,NA,NA,NA,-1,2.Diabetic (N=5188),5188,MONTHLY_TOTAL_PAY_INPATIENT,2. Random individual effect
16.97516797958541,PERIOD-2,84.59799968534017,-50.647663726169355,34.502078731627236,0.4920042097064916,-2,3.Non-diabetic (N=399),399,MONTHLY_TOTAL_PAY_INPATIENT,2. Random individual effect
35.41445097524353,PERIOD0,102.96929212285136,-32.1403901723643,34.46738903391686,1.0274770433117153,0,3.Non-diabetic (N=399),399,MONTHLY_TOTAL_PAY_INPATIENT,2. Random individual effect
-60.38853821112463,PERIOD1,21.617817606440973,-142.39489402869023,41.840746291473366,-1.443294959187453,1,3.Non-diabetic (N=399),399,MONTHLY_TOTAL_PAY_INPATIENT,2. Random individual effect
0,PERIOD-1,NA,NA,NA,NA,-1,3.Non-diabetic (N=399),399,MONTHLY_TOTAL_PAY_INPATIENT,2. Random individual effect
0.0013619151176742198,PERIOD-2,0.315609770631992,-0.31288594039664364,0.1603334846931193,0.008494265064349756,-2,1.Overall (N=5587),5587,MONTHLY_OOP_INPATIENT,2. Random individual effect
-0.1669444271200445,PERIOD0,0.14241273144725455,-0.4763015856873436,0.15783818529701002,-1.057693528380974,0,1.Overall (N=5587),5587,MONTHLY_OOP_INPATIENT,2. Random individual effect
-0.5199272242103363,PERIOD1,-0.1164810785169813,-0.9233733699036913,0.2058436526771343,-2.525835591471173,1,1.Overall (N=5587),5587,MONTHLY_OOP_INPATIENT,2. Random individual effect
0,PERIOD-1,NA,NA,NA,NA,-1,1.Overall (N=5587),5587,MONTHLY_OOP_INPATIENT,2. Random individual effect
0.008663707613523093,PERIOD-2,0.33949995718262893,-0.32217254195558276,0.16879710656864108,0.0513261618616668,-2,2.Diabetic (N=5188),5188,MONTHLY_OOP_INPATIENT,2. Random individual effect
-0.2029622268000509,PERIOD0,0.12241340645470292,-0.5283378600548048,0.16601102664195638,-1.2225828061276247,0,2.Diabetic (N=5188),5188,MONTHLY_OOP_INPATIENT,2. Random individual effect
-0.599352691272766,PERIOD1,-0.17416095648536623,-1.024544426060166,0.21693854486166994,-2.7627763966746484,1,2.Diabetic (N=5188),5188,MONTHLY_OOP_INPATIENT,2. Random individual effect
0,PERIOD-1,NA,NA,NA,NA,-1,2.Diabetic (N=5188),5188,MONTHLY_OOP_INPATIENT,2. Random individual effect
0.15142447711177026,PERIOD-2,1.1506115086654998,-0.8477625544419594,0.5097986694833118,0.2970279959052093,-2,3.Non-diabetic (N=399),399,MONTHLY_OOP_INPATIENT,2. Random individual effect
0.3297837209226448,PERIOD0,1.3279290012976133,-0.6683615594523236,0.5092671540131407,0.647565267706496,0,3.Non-diabetic (N=399),399,MONTHLY_OOP_INPATIENT,2. Random individual effect
0.5030170895915842,PERIOD1,1.8338536640966652,-0.8278194849134968,0.6790107292800023,0.7408087499956957,1,3.Non-diabetic (N=399),399,MONTHLY_OOP_INPATIENT,2. Random individual effect
0,PERIOD-1,NA,NA,NA,NA,-1,3.Non-diabetic (N=399),399,MONTHLY_OOP_INPATIENT,2. Random individual effect
